{"Time (s)":45.06303262710571,"CPU Usage Std (%)":5.008567659521033,"Emissions (kgCO2)":0.00013997375038558036,"_wandb":{"runtime":247},"Density":0.010819963503439287,"Emissions Std (kgCO2)":5.986675249902692e-07,"Avg CPU Usage (%)":17.03,"Memory Std (MB)":13.008830196675545,"Avg Time (s)":45.15847654342652,"_timestamp":1.7516442098154838e+09,"_step":6,"CPU Usage (%)":13.25,"Longest Path":3,"Avg Emissions (kgCO2)":0.00014034699889825086,"Edges":88234,"Memory (MB)":-26.46875,"Avg Memory (MB)":-7.159375,"Time Std (s)":0.19995537511656047,"Nodes":4039,"Avg Degree":43.69101262688784,"Run":5,"Shortest Path":1,"Top 20 Nodes":{"ncols":2,"artifact_path":"wandb-client-artifact://y67ld31d42hmtuisgdhfdwvcaa0rcfwhfxjin62gc3z8ow6a154o1j3dwfxn9kbi8yqntdannhxikgmlfdgionzg5nd38emna9gg6z63g5dvvl7qdsfm58dlhlq43s03/Top 20 Nodes.table.json","_type":"table-file","nrows":20,"sha256":"e7cb6361f2bf9790fd291214983879c07e83aa13560b9ab2c535934a06db1782","path":"media/table/Top 20 Nodes_6_e7cb6361f2bf9790fd29.table.json","size":296,"_latest_artifact_path":"wandb-client-artifact://vcwoj7jv868o5cr3ir6u7t2n1gdle9x40gald3zbx5jmfkslf5rgw0vkrgwj3kqrtroe6z6bgzn4x0a3ex18vai68afr9fltg84kop0qno65r214ipto3xsf59fkv44z:latest/Top 20 Nodes.table.json","log_mode":"IMMUTABLE"},"_runtime":247}