{"Avg Emissions (kgCO2)":6.221785626016254e-05,"Avg Memory (MB)":12.878125,"Avg CPU Usage (%)":15.96,"CPU Usage Std (%)":4.3999147719018366,"Emissions (kgCO2)":6.189728668720746e-05,"_timestamp":1.751638935897202e+09,"Run":5,"Time Std (s)":0.4353151912312234,"Edges":88234,"_wandb":{"runtime":118},"Avg Time (s)":18.873290395736696,"Emissions Std (kgCO2)":1.3391247716815979e-06,"_step":6,"Top 20 Nodes":{"size":296,"artifact_path":"wandb-client-artifact://pd3x0a73j9zuae9ukcia2kzu51elyz2vhs0rkh0m1aepttznbozl01ewms7mvagej0rt7kzka4lfpk1jtd9oe5sythogndmabpyvhgiwi61gzs8z1mvbf11yd5fofepl/Top 20 Nodes.table.json","path":"media/table/Top 20 Nodes_6_e7cb6361f2bf9790fd29.table.json","nrows":20,"sha256":"e7cb6361f2bf9790fd291214983879c07e83aa13560b9ab2c535934a06db1782","log_mode":"IMMUTABLE","ncols":2,"_type":"table-file","_latest_artifact_path":"wandb-client-artifact://mem8rut5knvge3nrghemip43dm3j4lzocji2ram41ixxo3ggjzgrumjsnact8w3jckvrhujai979qci0j6srbjvm0cdqwi787aja4b9cn2n969qbb37m3hnge6f44i0a:latest/Top 20 Nodes.table.json"},"Nodes":4039,"Memory Std (MB)":15.564482021125453,"Time (s)":18.80637812614441,"Longest Path":8,"Shortest Path":4,"_runtime":118,"Memory (MB)":-3.125,"CPU Usage (%)":13.65,"Avg Degree":43.69101262688784,"Density":0.010819963503439287}