{"CPU Usage Std (%)":2.0538378709138656,"Shortest Path":4,"Density":0.010819963503439287,"Emissions (kgCO2)":5.851408265110507e-05,"Edges":88234,"Emissions Std (kgCO2)":1.2118316735794046e-06,"Avg Degree":43.69101262688784,"Longest Path":8,"Memory (MB)":0.25,"_wandb":{"runtime":111},"_step":6,"Avg Emissions (kgCO2)":5.925130259713605e-05,"Nodes":4039,"Avg Time (s)":17.877820014953613,"Time Std (s)":0.3985102201349721,"Avg Memory (MB)":4.209375,"_timestamp":1.7516517894362838e+09,"Top 20 Nodes":{"sha256":"e7cb6361f2bf9790fd291214983879c07e83aa13560b9ab2c535934a06db1782","log_mode":"IMMUTABLE","path":"media/table/Top 20 Nodes_6_e7cb6361f2bf9790fd29.table.json","size":296,"nrows":20,"_type":"table-file","artifact_path":"wandb-client-artifact://ynuc9w40ti23qat72te1l85otgp0k0qbvlyx8qd80fimrkmrfy5390lvmrddawer7cd685vekfhf11tku2i6m66nkihuyovsja2tg6h41m4s4qlgyguf1mqrf2fco0sk/Top 20 Nodes.table.json","ncols":2,"_latest_artifact_path":"wandb-client-artifact://9dp5kl7o047q3wcbi53uo30piekm8pf2m3eqfwyehguuvipwh05px84g42kln2r31edkwsxom0zzhxm5y5bgc5amud55kpc98ejrm4l9al5i5lze1dr8xxp9h8539l3q:latest/Top 20 Nodes.table.json"},"CPU Usage (%)":12.75,"Time (s)":17.627384901046753,"Memory Std (MB)":4.862157563456269,"Run":5,"_runtime":111,"Avg CPU Usage (%)":13.42}