{"_wandb":{"runtime":112},"_timestamp":1.751654820160754e+09,"Avg CPU Usage (%)":14.34,"Time Std (s)":0.08448513202452826,"Avg Time (s)":18.00843963623047,"Emissions (kgCO2)":5.96490701008188e-05,"Density":0.010819963503439287,"Longest Path":8,"Time (s)":17.982072114944458,"Memory Std (MB)":21.74870180662371,"_runtime":112,"Avg Memory (MB)":8.35625,"Top 20 Nodes":{"_type":"table-file","nrows":20,"sha256":"e7cb6361f2bf9790fd291214983879c07e83aa13560b9ab2c535934a06db1782","log_mode":"IMMUTABLE","size":296,"artifact_path":"wandb-client-artifact://sw71oawh9a3qun5iabvhh64ta0zhilts6ktg55wiqarq9ou71vjel4mgurjrjrggckz7z18yuqzz93qdydg7pyqim349vl0ide7xktzn68kiqvcxqvuhhqj42xsh922c/Top 20 Nodes.table.json","ncols":2,"path":"media/table/Top 20 Nodes_6_e7cb6361f2bf9790fd29.table.json","_latest_artifact_path":"wandb-client-artifact://ul89q1xnk63h7unrcxxbbt63tlsxqnaea18hascvden8m1mc4pz10pt8w6jbj1y0rvm5gy2vmlm7p3vz2vzj1my9vkia7m6z2wt254uif6oosn9b3mptrhdi2m2t1ycn:latest/Top 20 Nodes.table.json"},"CPU Usage Std (%)":4.2369505543492,"Avg Emissions (kgCO2)":5.970106204498895e-05,"Nodes":4039,"Avg Degree":43.69101262688784,"Run":5,"CPU Usage (%)":16.75,"Emissions Std (kgCO2)":2.4467463671815235e-07,"Memory (MB)":14.15625,"_step":6,"Shortest Path":4,"Edges":88234}