{"Time Std (s)":0.27348398552865216,"Avg Emissions (kgCO2)":6.0769463645874115e-05,"_timestamp":1.7516384379488819e+09,"Memory (MB)":-0.84375,"Longest Path":8,"Avg Degree":43.69101262688784,"Emissions (kgCO2)":5.9594905730907835e-05,"Density":0.010819963503439287,"Nodes":4039,"Shortest Path":4,"Avg CPU Usage (%)":19.93,"Memory Std (MB)":8.724428314454908,"Emissions Std (kgCO2)":8.366578408353224e-07,"Top 20 Nodes":{"size":296,"artifact_path":"wandb-client-artifact://5jpxla13whhkqf1s43fk678rvxo4lskfcuuzatdkinyfvc1ni9u8uo23jugvud5dx9kvql6phy6h05cty4r0sq2xql5zmrm0fi8yb4cercoj3ao4hyhdmv04pmhy4l7l/Top 20 Nodes.table.json","sha256":"e7cb6361f2bf9790fd291214983879c07e83aa13560b9ab2c535934a06db1782","_type":"table-file","_latest_artifact_path":"wandb-client-artifact://c3mhoqk9s0po4o1d46w0kvnofxi5ejwhzdwcxlz0nvpoeyjn0x79kuce39rom0i4d7hfydyshjicyv2cswi4h5dhrpw793byaavardov2cjtd42emjv3yjsgy254qj7z:latest/Top 20 Nodes.table.json","ncols":2,"path":"media/table/Top 20 Nodes_6_e7cb6361f2bf9790fd29.table.json","nrows":20,"log_mode":"IMMUTABLE"},"CPU Usage Std (%)":7.809657482886173,"Time (s)":17.993255138397217,"_wandb":{"runtime":113},"Avg Memory (MB)":2.175,"_step":6,"Edges":88234,"Run":5,"_runtime":113,"CPU Usage (%)":21.950000000000003,"Avg Time (s)":18.389714908599853}