{"Avg CPU Usage (%)":18.16,"Longest Path":8,"Shortest Path":4,"_step":6,"Edges":88234,"_runtime":115,"Avg Time (s)":18.243571949005126,"Memory Std (MB)":21.48723674122472,"Density":0.010819963503439287,"Time Std (s)":0.14329067300255469,"Avg Degree":43.69101262688784,"Time (s)":18.36788821220398,"_timestamp":1.7516519071694238e+09,"CPU Usage Std (%)":5.458410940924107,"Emissions Std (kgCO2)":4.4469077986629486e-07,"Avg Emissions (kgCO2)":6.027860092676727e-05,"_wandb":{"runtime":115},"Top 20 Nodes":{"_latest_artifact_path":"wandb-client-artifact://l1yi4znenl9tlz788d8zjjcfofn3wbcsh55st5zrim60j23uzkql1yvdul03hypmgg1i4m9mbu2q36lv40a99aavyrpab6a8cmi5av1nwes0mi4dbatukctlc3fvwtnr:latest/Top 20 Nodes.table.json","size":296,"log_mode":"IMMUTABLE","artifact_path":"wandb-client-artifact://brhqd7j2iap6jwccb1xrjye4o9ac99npbfjvv0ji1h8611ykohxy38hb5h0k98f4s12cri9vpwc29jfz5lregp5ajedzf8ijr4na9yaiatyz8aloja6armabk78x356i/Top 20 Nodes.table.json","nrows":20,"sha256":"e7cb6361f2bf9790fd291214983879c07e83aa13560b9ab2c535934a06db1782","path":"media/table/Top 20 Nodes_6_e7cb6361f2bf9790fd29.table.json","_type":"table-file","ncols":2},"Run":5,"Avg Memory (MB)":12.26875,"Memory (MB)":40.640625,"CPU Usage (%)":26.05,"Emissions (kgCO2)":6.062537812656969e-05,"Nodes":4039}