{"Avg CPU Usage (%)":27.07,"Avg Degree":43.69101262688784,"_timestamp":1.751644443710891e+09,"Emissions Std (kgCO2)":5.08619620003891e-07,"Memory Std (MB)":14.122184972533022,"Top 20 Nodes":{"nrows":20,"artifact_path":"wandb-client-artifact://2t57nn474qxjjxka7olimtu234holjy9difa6k8c6s8ku174arhvi3pbx35502qupc23jc76kq2kweuzed7ltkx7esarzy5i2nyyr99rfp6jry375o5xx5muufrzq25u/Top 20 Nodes.table.json","sha256":"e7cb6361f2bf9790fd291214983879c07e83aa13560b9ab2c535934a06db1782","path":"media/table/Top 20 Nodes_6_e7cb6361f2bf9790fd29.table.json","log_mode":"IMMUTABLE","size":296,"ncols":2,"_type":"table-file","_latest_artifact_path":"wandb-client-artifact://fi8oysw57wi70smiv70kht6kqpwnymuc9fd7w4cuulh23c59kynx3xgv1qg1hhpbj134qc9j5reztfxdt5597y3v68fyyhm7eb0p8v06xf17oqrov8t0h89q4xaj45lx:latest/Top 20 Nodes.table.json"},"Emissions (kgCO2)":6.065154841050092e-05,"CPU Usage (%)":24.05,"Density":0.010819963503439287,"Time (s)":18.357688903808594,"_wandb":{"runtime":113},"Time Std (s)":0.18080599899268202,"Avg Memory (MB)":9.725,"Shortest Path":4,"Avg Emissions (kgCO2)":6.060787872796282e-05,"Longest Path":8,"Run":5,"_runtime":113,"Avg Time (s)":18.365233182907104,"Edges":88234,"Memory (MB)":1.75,"Nodes":4039,"CPU Usage Std (%)":2.629305992082321,"_step":6}