{"_runtime":246,"Run":5,"Avg CPU Usage (%)":17.87,"_step":6,"Time Std (s)":0.5145952425067559,"Emissions (kgCO2)":0.00013910210641947845,"_wandb":{"runtime":246},"Avg Time (s)":44.74576621055603,"Longest Path":3,"Nodes":4039,"Time (s)":44.85951805114746,"Avg Memory (MB)":-76.275,"Avg Emissions (kgCO2)":0.00013904599301185576,"Memory (MB)":-119.46875,"Edges":88234,"Memory Std (MB)":59.21724581697833,"Shortest Path":1,"Top 20 Nodes":{"ncols":2,"log_mode":"IMMUTABLE","artifact_path":"wandb-client-artifact://j8x5c5df7ggnajagwbumqtnfagbqjubsgtgwlo212pispje1jt6o6cnjmlkrmq7d7hsa9s0a5813vn9gyn9zn5rz59w3s1czjjxwokld1r3k5dz4ybteio4fmvd91x64/Top 20 Nodes.table.json","nrows":20,"size":296,"_type":"table-file","path":"media/table/Top 20 Nodes_6_e7cb6361f2bf9790fd29.table.json","sha256":"e7cb6361f2bf9790fd291214983879c07e83aa13560b9ab2c535934a06db1782","_latest_artifact_path":"wandb-client-artifact://tx1a6ieeotd6fbd0k0lu9246jnsrrf0ahz1b2mc9d46nooqh8cdl95rcqlvkxjk26uh1h3yi2agu2qthe6mzknt2t2xy69bimbe3icea1spfp38lltk9sngpdl7hreds:latest/Top 20 Nodes.table.json"},"_timestamp":1.7516545903831701e+09,"Emissions Std (kgCO2)":1.2813118119240747e-06,"CPU Usage (%)":11.1,"Avg Degree":43.69101262688784,"Density":0.010819963503439287,"CPU Usage Std (%)":9.684046158502138}