{"_runtime":114,"Avg Time (s)":18.668501329421996,"Time Std (s)":0.5104925205168229,"CPU Usage (%)":15.700000000000001,"_step":6,"_wandb":{"runtime":114},"Run":5,"CPU Usage Std (%)":4.187720143467087,"Longest Path":8,"Emissions Std (kgCO2)":1.3738233259669935e-06,"Emissions (kgCO2)":6.206575515038338e-05,"Memory Std (MB)":3.6130831871391362,"Time (s)":18.812352895736694,"Avg Emissions (kgCO2)":6.162016601824881e-05,"Density":0.010819963503439287,"Shortest Path":4,"Avg Memory (MB)":-0.76875,"_timestamp":1.7516388150595782e+09,"Avg CPU Usage (%)":16.28,"Edges":88234,"Memory (MB)":-5.6875,"Nodes":4039,"Top 20 Nodes":{"path":"media/table/Top 20 Nodes_6_e7cb6361f2bf9790fd29.table.json","sha256":"e7cb6361f2bf9790fd291214983879c07e83aa13560b9ab2c535934a06db1782","_type":"table-file","ncols":2,"log_mode":"IMMUTABLE","size":296,"artifact_path":"wandb-client-artifact://eyofnpk1ffvsshvn787zlkm6mo9y0ica57savclglobajhi67p6ptccvaasdjra6ia9zh0x9snm6j2e8l34u172h42rcbnwfzhc06r3ekgri6alcn0kge47hcut8ipl0/Top 20 Nodes.table.json","nrows":20,"_latest_artifact_path":"wandb-client-artifact://01ykqytxmiornwyamejkr9e087xl5oe693boicfukcl68u7fgtgz85yjnp8w9kls2s25t1fyydig13jwd8pwdea0z4hhax3fy26cgac4i6kongk7upvig6o0e0ds7ls8:latest/Top 20 Nodes.table.json"},"Avg Degree":43.69101262688784}