{"Emissions Std (kgCO2)":3.548877810593931e-08,"_runtime":16,"CPU Usage Std (%)":4.805517662021438,"Nodes":4039,"_step":6,"Memory Std (MB)":5.318395166630391,"CPU Usage (%)":13.15,"Avg CPU Usage (%)":16.59,"_timestamp":1.7516437516125782e+09,"Density":0.010819963503439287,"Edges":88234,"Avg Degree":43.69101262688784,"Memory (MB)":3.109375,"Avg Memory (MB)":5.7,"Avg Emissions (kgCO2)":6.338068995623247e-06,"_wandb":{"runtime":16},"Top 20 Nodes":{"_latest_artifact_path":"wandb-client-artifact://90v8osdl2b599zfpsgndtldpgkbn0kktssivv8re9sxsh3vutgeu9ei547nn13mfh84iap453l4ofb5cxztbk9tbx990mop37qj49ibq3hjpexvc9b0a1qurqhjwwyvw:latest/Top 20 Nodes.table.json","artifact_path":"wandb-client-artifact://7b4ej4zyzc765bz75ga02ndv9ksxjy933fbthkcqviwo07aifhp9bs6ep3foooi3f2w9b56wr3o4sisvui8zh3kg8gg7q8zbzjvbalv9kc1i2r9beeqxa984k0ghrxkz/Top 20 Nodes.table.json","path":"media/table/Top 20 Nodes_6_e7cb6361f2bf9790fd29.table.json","size":296,"sha256":"e7cb6361f2bf9790fd291214983879c07e83aa13560b9ab2c535934a06db1782","ncols":2,"_type":"table-file","nrows":20,"log_mode":"IMMUTABLE"},"Avg Time (s)":0.09577803611755371,"Longest Path":2,"Emissions (kgCO2)":6.29735249646351e-06,"Shortest Path":1,"Run":5,"Time (s)":0.08242607116699219,"Time Std (s)":0.011978550168394055}