{"Density":0.010819963503439287,"CPU Usage (%)":19.9,"Nodes":4039,"_wandb":{"runtime":16},"Edges":88234,"Top 20 Nodes":{"path":"media/table/Top 20 Nodes_6_e7cb6361f2bf9790fd29.table.json","sha256":"e7cb6361f2bf9790fd291214983879c07e83aa13560b9ab2c535934a06db1782","log_mode":"IMMUTABLE","ncols":2,"nrows":20,"artifact_path":"wandb-client-artifact://dt4fsz1t751gg6anbxvlypx21vz2d5162v88y5jnlzae5z6t9h24kqvgs9su0j3mrdihq1u5ufrw5q95cu8sj4ktcr7wpkoqy26xpz681kg2tlqxzkbzrqwvmuyyqsa2/Top 20 Nodes.table.json","_type":"table-file","_latest_artifact_path":"wandb-client-artifact://ju7aq7edith5qit9rg2t8aeew3o0l12l5pp1l2a0pjyhh0s7pd88gjifdehxtdrvo77t4gvkt3udxnzg2gmqfyzfgnc0jgl3vanvakyc2o1acs5290cxxlqcebveh5my:latest/Top 20 Nodes.table.json","size":296},"Shortest Path":1,"Avg Emissions (kgCO2)":6.335618808819444e-06,"Avg CPU Usage (%)":21.72,"Avg Degree":43.69101262688784,"Emissions (kgCO2)":6.325317021138014e-06,"Memory Std (MB)":3.8302704447189497,"_runtime":16,"Avg Time (s)":0.09570927619934082,"Memory (MB)":7.375,"Longest Path":2,"Avg Memory (MB)":8.134375,"Time (s)":0.0946810245513916,"Run":5,"CPU Usage Std (%)":8.421520052817067,"Emissions Std (kgCO2)":4.164267118326991e-08,"_step":6,"Time Std (s)":0.0129470088898482,"_timestamp":1.751638322760803e+09}