{"_timestamp":1.751651676043765e+09,"Nodes":4039,"_step":6,"Avg Memory (MB)":-17.4,"Run":5,"Avg CPU Usage (%)":18.24,"Edges":88234,"Memory (MB)":-1.15625,"Density":0.010819963503439287,"Emissions Std (kgCO2)":1.0949712332280342e-06,"Shortest Path":1,"Time (s)":44.95597791671753,"CPU Usage (%)":17.75,"Memory Std (MB)":48.191009164135714,"Top 20 Nodes":{"nrows":20,"log_mode":"IMMUTABLE","_type":"table-file","_latest_artifact_path":"wandb-client-artifact://8hlrkedzpxq2f9sfgqpdsan67zwsyr3p3lwn0aumlnb22yceapwrkwkj76bkfifn4l631y111au4w64kgcolpur0aj4j6d0ps2p55amjxe8a5vypwsxhlj9l2q89itd1:latest/Top 20 Nodes.table.json","sha256":"e7cb6361f2bf9790fd291214983879c07e83aa13560b9ab2c535934a06db1782","size":296,"path":"media/table/Top 20 Nodes_6_e7cb6361f2bf9790fd29.table.json","ncols":2,"artifact_path":"wandb-client-artifact://6fqx57yubaagg1esktiyzvdmv1z591pxc9g0czu2i844kifeh6xk96vr5ba6ddal1obex87m2ryw1xdrxdv5k3pvcis0bsx116pq8byn3pdrod88vjph9izsfget8jj7/Top 20 Nodes.table.json"},"Avg Degree":43.69101262688784,"_wandb":{"runtime":249},"Avg Emissions (kgCO2)":0.00013929035612139854,"CPU Usage Std (%)":6.283748881042271,"Emissions (kgCO2)":0.00013953385436813614,"Avg Time (s)":44.84813327789307,"Time Std (s)":0.3550519715273494,"Longest Path":3,"_runtime":249}