{"Density":0.010819963503439287,"Memory (MB)":-8.078125,"Avg CPU Usage (%)":13.72,"Memory Std (MB)":5.038269075132599,"Nodes":4039,"Longest Path":8,"Avg Degree":43.69101262688784,"Time (s)":18.22556185722351,"_runtime":113,"Emissions Std (kgCO2)":1.0254176045910336e-06,"_step":6,"_timestamp":1.751654705761339e+09,"Avg Time (s)":17.83327360153198,"CPU Usage (%)":10.399999999999999,"Run":5,"Emissions (kgCO2)":6.001925519719931e-05,"Edges":88234,"_wandb":{"runtime":113},"Avg Emissions (kgCO2)":5.905794271298408e-05,"Avg Memory (MB)":0.109375,"Shortest Path":4,"CPU Usage Std (%)":2.8895501379972646,"Top 20 Nodes":{"sha256":"e7cb6361f2bf9790fd291214983879c07e83aa13560b9ab2c535934a06db1782","nrows":20,"artifact_path":"wandb-client-artifact://y0q0n7ig8fdqqdukp7p9x7unmfdm9tnsg0uqu57phvudgq85nc0ljzvvy3vly4caixftbe807iag83tvedjacqns2sbpcvwzz24s1av7g0mw1wgpoifeyxqabj04b42l/Top 20 Nodes.table.json","path":"media/table/Top 20 Nodes_6_e7cb6361f2bf9790fd29.table.json","_type":"table-file","ncols":2,"size":296,"log_mode":"IMMUTABLE","_latest_artifact_path":"wandb-client-artifact://6wt1po64hk2f4j9lx1bo6nu7dc749nlr56dwxj6wpwvijm4imecpsl2rsyzl3kbwp0fpclh5cklgz5ln8lmbkcly182w0pa9iycf8p0pjhlfl2p5ib7ukfobpoe1keee:latest/Top 20 Nodes.table.json"},"Time Std (s)":0.3815029680682998}