{"Density":0.010819963503439287,"Nodes":4039,"Memory Std (MB)":22.732432799341176,"Avg Degree":43.69101262688784,"Avg CPU Usage (%)":16.04,"Emissions (kgCO2)":6.111495523907715e-05,"Run":5,"Memory (MB)":27.578125,"CPU Usage (%)":11.8,"CPU Usage Std (%)":6.243937059259967,"Time Std (s)":0.10805416388903488,"Edges":88234,"Avg Emissions (kgCO2)":6.094788573133198e-05,"_step":6,"Longest Path":8,"Emissions Std (kgCO2)":2.4226906422352083e-07,"Avg Memory (MB)":16.990625,"Avg Time (s)":18.415155601501464,"Top 20 Nodes":{"nrows":20,"_type":"table-file","path":"media/table/Top 20 Nodes_6_e7cb6361f2bf9790fd29.table.json","size":296,"log_mode":"IMMUTABLE","ncols":2,"_latest_artifact_path":"wandb-client-artifact://idv2hxhmn3gx1yoeozjmr1duu8pbjsd90f7ae3f01dlsgfkz2em877ms3gahpomcq2r1sclbaju8survbpdsj5yq0wtoj3mohpoytvaao37ourk66xsf23w6zygq96gq:latest/Top 20 Nodes.table.json","sha256":"e7cb6361f2bf9790fd291214983879c07e83aa13560b9ab2c535934a06db1782","artifact_path":"wandb-client-artifact://h9gvnqo7psexpswppaeinwzik7st19g9vbgeq56dee1qc0o5wbydotk5c0fm1lslts0t7yg9ggoqlvfwnzx9wgqv797zf3f4nizgx1cdb30j7hh4jw3w101opdn5bv6q/Top 20 Nodes.table.json"},"_runtime":116,"_wandb":{"runtime":116},"Shortest Path":4,"Time (s)":18.45970630645752,"_timestamp":1.751638556134311e+09}