{"_runtime":13,"CPU Usage Std (%)":7.390416091127753,"CPU Usage (%)":19.25,"Emissions (kgCO2)":6.322184146179147e-06,"Top 20 Nodes":{"log_mode":"IMMUTABLE","size":296,"_type":"table-file","sha256":"e7cb6361f2bf9790fd291214983879c07e83aa13560b9ab2c535934a06db1782","_latest_artifact_path":"wandb-client-artifact://8p5g1wrvo1ux0g0ndv67i2h0y8gdg3k3v2wlj6l62fhg4thspocy4dta1in7nmin1m762yepj02hryd6rvokieqa20vwz4t6op07z0ya7a9aud3u9d7wmjfh2m5zji3s:latest/Top 20 Nodes.table.json","path":"media/table/Top 20 Nodes_6_e7cb6361f2bf9790fd29.table.json","nrows":20,"ncols":2,"artifact_path":"wandb-client-artifact://dmbp3ay2dbazt5716tdmei7g4rd0g9f823nv63qypxa3w30zs4c06jchye14ajq7ertd4tm9stxaj0c3w2pj2vjs75jne1ob3w9h7fbbhw7tm4qs4x8y158xcs55c458/Top 20 Nodes.table.json"},"_step":6,"Avg Time (s)":0.09784765243530273,"Avg Memory (MB)":5.69375,"_wandb":{"runtime":13},"Avg Degree":43.69101262688784,"Avg Emissions (kgCO2)":6.3405699921049375e-06,"Memory Std (MB)":4.867527325616673,"Edges":88234,"Shortest Path":1,"Memory (MB)":1.859375,"Avg CPU Usage (%)":24.03,"Emissions Std (kgCO2)":8.440526005197485e-08,"Time Std (s)":0.026901100656359835,"Nodes":4039,"Density":0.010819963503439287,"Longest Path":2,"_timestamp":1.751638698602298e+09,"Run":5,"Time (s)":0.0901632308959961}