{"Memory Std (MB)":36.57833791586901,"_step":6,"Avg Degree":43.69101262688784,"Run":5,"Avg Memory (MB)":17.446875,"Edges":88234,"Density":0.010819963503439287,"Avg CPU Usage (%)":14.64,"Nodes":4039,"Top 20 Nodes":{"nrows":20,"ncols":2,"size":296,"_type":"table-file","sha256":"e7cb6361f2bf9790fd291214983879c07e83aa13560b9ab2c535934a06db1782","_latest_artifact_path":"wandb-client-artifact://x5e57rsy2d56aoymsue1f2wzdr95tlixgc6lv28pofibpethkz4at50u3uj8zv9l8lfw83b2pzaj9n991bb7uhefmn1mj86lmiw2z2u8qoyqdcxxfk91chi6et7y2td3:latest/Top 20 Nodes.table.json","path":"media/table/Top 20 Nodes_6_e7cb6361f2bf9790fd29.table.json","log_mode":"IMMUTABLE","artifact_path":"wandb-client-artifact://qi9qubt5q9ua5izzth2oekpc4x79fcph15q2yqq3sa4z9asjkd4qir7jptwe6y4on7itbnt5iam2ewg624vmt2kc3tmr2mezp38lpqm7la36knuo5r3yd415j986dtw5/Top 20 Nodes.table.json"},"_runtime":115,"Time (s)":18.321665048599243,"Avg Emissions (kgCO2)":5.988741790650807e-05,"Longest Path":8,"Memory (MB)":-2.421875,"Emissions (kgCO2)":6.059998413437254e-05,"Emissions Std (kgCO2)":1.102302335655345e-06,"CPU Usage (%)":8.850000000000001,"CPU Usage Std (%)":4.503526396058982,"_wandb":{"runtime":115},"Time Std (s)":0.3716426207426414,"Avg Time (s)":18.095757055282593,"Shortest Path":4,"_timestamp":1.7516443275793998e+09}